plant,l_cost,c_cost,min_power,max_power,min_on,min_off
0,4.19755,116.761,45.9688,127.349,1,1
1,6.79912,287.115,62.7142,185.865,2,3
2,7.05905,324.258,69.9785,160.913,2,3
3,7.52869,521.159,96.7459,236.831,6,6
4,7.02039,200.095,51.2834,151.001,2,3
5,7.07212,196.285,60.2507,183.386,2,3
6,4.4401,144.004,43.7572,104.979,1,1
7,4.92397,119.922,47.1735,113.187,1,1
8,4.6196,114.053,42.8216,112.959,1,1
9,6.78825,269.271,68.1361,155.159,2,3
